First Name [Required],Last Name [Required],Email Address [Required],Password [Required]
wyba,akyviu,no-reply.app-gh61sumealp@amaz-sr3.com,m3e8ntx1sy7
etsx,soliwh,no-reply.app-sfdr4db1nsm@amaz-sr3.com,m3e8ntx1sy7
stuy,qqovnv,no-reply.app-m2bg10cqvn1@amaz-sr3.com,m3e8ntx1sy7
tfry,jddwhe,no-reply.app-5286btgwwi9@amaz-sr3.com,m3e8ntx1sy7
zaja,msxkyr,no-reply.app-ktt3rplf5qd@amaz-sr3.com,m3e8ntx1sy7
sewu,suowdm,no-reply.app-shl8p1uegpq@amaz-sr3.com,m3e8ntx1sy7
mosx,kzicqf,no-reply.app-7ey3rm31ox4@amaz-sr3.com,m3e8ntx1sy7
iajv,srzmzv,no-reply.app-rq8skc3qqgu@amaz-sr3.com,m3e8ntx1sy7
ofap,nfzydc,no-reply.app-t2997owkrof@amaz-sr3.com,m3e8ntx1sy7
ohxh,ghsdex,no-reply.app-pe0mxqpp3lr@amaz-sr3.com,m3e8ntx1sy7
